Card#,Artist,Title,All Artists
1,Bryan Adams,Somebody,Bryan Adams
2,The Bellamy Brothers,Let Your Love Flow,The Bellamy Brothers
3,Robin Gibb,Juliet,Robin Gibb
4,Barry Ryan,Eloise,Barry Ryan
5,AC/DC,Back In Black,AC/DC
6,Procol Harum,A Whiter Shade of Pale - Original Single Version,Procol Harum
7,Rocco Granata,Marina,Rocco Granata
8,ABBA,Lay All Your Love On Me,ABBA
9,The Clash,Rock the Casbah - Remastered,The Clash
10,CHIC,Everybody Dance - 2018 Remaster,CHIC
11,Roxy Music,Jealous Guy,Roxy Music
12,Pop Tops,Mammy Blue,Pop Tops
13,Bobby Vinton,Blue Velvet,Bobby Vinton
14,The Everly Brothers,Cathy's Clown - 2007 Remaster,The Everly Brothers
15,Joe Cocker,You Are So Beautiful,Joe Cocker
16,La Bionda,"""One for You",La Bionda
17,Stevie Wonder,For Once In My Life,Stevie Wonder
18,Jermaine Jackson,When the Rain Begins to Fall,Jermaine Jackson; Pia Zadora
19,Paul McCartney,Ebony And Ivory - Remixed 2015,Paul McCartney
20,Bob Dylan,The Times They Are A-Changin',Bob Dylan
21,Bonnie Tyler,Lost in France,Bonnie Tyler
22,Pink Floyd,Time,Pink Floyd
23,Gloria Gaynor,Never Can Say Goodbye - Single Version,Gloria Gaynor
24,The Beatles,Something - Remastered 2009,The Beatles
25,Raffaella Carrà,A far l'amore comincia tu,Raffaella Carrà
26,Bill Withers,Use Me,Bill Withers
27,Anton Karas,The Third Man Theme (The Harry Lime Theme) - Original Version,Anton Karas
28,Donovan,Atlantis,Donovan
29,Quincy Jones,Soul Bossa Nova,Quincy Jones
30,David Bowie,Let's Dance - 2018 Remaster,David Bowie
31,Thompson Twins,Hold Me Now,Thompson Twins
32,Cliff Richard,Das Ist Die Frage Aller Fragen - 1998 Remaster,Cliff Richard
33,Steve Miller Band,Abracadabra,Steve Miller Band
34,Steely Dan,Do It Again,Steely Dan
35,The Tremeloes,Silence Is Golden,The Tremeloes
36,The Ronettes,"""Baby",The Ronettes
37,Frankie Goes To Hollywood,The Power Of Love,Frankie Goes To Hollywood
38,Yusuf / Cat Stevens,Peace Train - Remastered 2021,Yusuf / Cat Stevens
39,Ray Charles,"""Hallelujah",Ray Charles
40,Kansas,Dust in the Wind,Kansas
41,Frankie Valli & The Four Seasons,Rag Doll,Frankie Valli & The Four Seasons
42,Elton John,Candle In The Wind - Remastered 2014,Elton John
43,The Flying Pickets,Only You,The Flying Pickets
44,Electric Light Orchestra,Livin' Thing,Electric Light Orchestra
45,Dionne Warwick,I Say a Little Prayer,Dionne Warwick
46,Eric Clapton,Wonderful Tonight,Eric Clapton
47,Bee Gees,Massachusetts,Bee Gees
48,Talking Heads,Burning Down the House,Talking Heads
49,Eagles,Take It Easy - 2013 Remaster,Eagles
50,George Harrison,What Is Life - 2014 Remaster,George Harrison
51,"Dave Dee, Dozy, Beaky, Mick & Tich",Hold Tight!,"Dave Dee, Dozy, Beaky, Mick & Tich"
52,Dooley Wilson,As Time Goes By,Dooley Wilson
53,Chicago,Hard to Say I'm Sorry,Chicago
54,Sarah Vaughan,Lullaby Of Birdland,Sarah Vaughan
55,Robert Palmer,Johnny And Mary,Robert Palmer
56,Marvin Gaye,Let's Get It On,Marvin Gaye
57,Louis Prima,I Wan'na Be Like You (The Monkey Song),Louis Prima; Phil Harris; Bruce Reitherman
58,James Brown,Papa's Got A Brand New Bag - Pt. 1,James Brown
59,Carpenters,(They Long To Be) Close To You,Carpenters
60,Little Richard,Lucille,Little Richard
61,The Byrds,Turn! Turn! Turn! (To Everything There Is a Season),The Byrds
62,John Lennon,Woman - Remastered 2010,John Lennon
63,The Isley Brothers,"""Shout",The Isley Brothers
64,James Taylor,How Sweet It Is (To Be Loved By You) - 2019 Remaster,James Taylor
65,Queen,Another One Bites The Dust - Remastered 2011,Queen
66,Hildegard Knef,Macky-Messer (Die Moritat von Mackie Messer),Hildegard Knef
67,Zager & Evans,In the Year 2525,Zager & Evans
68,Lalo Schifrin,Mission: Impossible,Lalo Schifrin
69,Ella Fitzgerald,Cheek To Cheek,Ella Fitzgerald; Louis Armstrong
70,Billie Holiday,Blue Moon,Billie Holiday
71,Kajagoogoo,Too Shy,Kajagoogoo
72,Bee Gees,To Love Somebody,Bee Gees
73,Supertramp,Breakfast In America - Remastered 2010,Supertramp
74,Eddie Cochran,Summertime Blues,Eddie Cochran
75,Chet Baker,Let's Get Lost,Chet Baker
76,Cliff Richard & The Shadows,Lucky Lips,Cliff Richard & The Shadows
77,Mike Oldfield,Tubular Bells,Mike Oldfield
78,Frankie Valli & The Four Seasons,Sherry - 2007 Remaster,Frankie Valli & The Four Seasons
79,Pat Boone,Speedy Gonzales,Pat Boone
80,Creedence Clearwater Revival,Down On The Corner,Creedence Clearwater Revival
81,Duran Duran,The Wild Boys,Duran Duran
82,Pat Benatar,We Belong,Pat Benatar
83,Sandie Shaw,Puppet On A String,Sandie Shaw
84,Jeanette,Porque te vas,Jeanette
85,AC/DC,It's a Long Way to the Top (If You Wanna Rock 'N' Roll),AC/DC
86,The Police,So Lonely,The Police
87,Mouth & MacNeal,How Do You Do?,Mouth & MacNeal
88,The Love Unlimited Orchestra,Love's Theme,The Love Unlimited Orchestra
89,Kool & The Gang,Get Down On It,Kool & The Gang
90,Frank Sinatra,I've Got You Under My Skin - Remastered 1998,Frank Sinatra
91,Kool & The Gang,Ladies Night - Single Version,Kool & The Gang
92,Aerosmith,Sweet Emotion,Aerosmith
93,Michael Jackson,Rock with You - Single Version,Michael Jackson
94,Smokey Robinson & The Miracles,You've Really Got A Hold On Me,Smokey Robinson & The Miracles
95,Chuck Berry,No Particular Place To Go,Chuck Berry
96,Kim Wilde,Kids In America,Kim Wilde
97,Serge Gainsbourg,Je t'aime moi non plus,Serge Gainsbourg; Jane Birkin
98,"Earth, Wind & Fire",Let's Groove,"Earth, Wind & Fire"
99,Ultravox,Dancing with Tears in My Eyes,Ultravox
100,Peter Gabriel,Solsbury Hill,Peter Gabriel
101,"Crosby, Stills, Nash & Young",Our House,"Crosby, Stills, Nash & Young"
102,M / Robin Scott,Pop Muzik,M / Robin Scott; Robin Scott
103,Tony Bennett,Rags to Riches,Tony Bennett
104,Queen,We Are The Champions - Remastered 2011,Queen
105,Racey,Some Girls,Racey
106,Violent Femmes,Blister In The Sun,Violent Femmes
107,Chaka Khan,I'm Every Woman,Chaka Khan
108,The Rolling Stones,The Last Time - Mono,The Rolling Stones
109,Elvis Presley,Return to Sender,Elvis Presley
110,Bobby Darin,Beyond the Sea,Bobby Darin
111,Styx,Boat On The River,Styx
112,Penny McLean,Lady Bump,Penny McLean
113,Genesis,Follow You Follow Me - 2007 Remaster,Genesis
114,Clout,Substitute,Clout
115,T. Rex,Metal Guru,T. Rex
116,Pink Floyd,Wish You Were Here,Pink Floyd
117,Dean Martin,Everybody Loves Somebody,Dean Martin
118,John Fred and His Playboy Band,Judy in Disguise (with Glasses),John Fred and His Playboy Band
119,Al Green,Tired of Being Alone,Al Green
120,Tommy James & The Shondells,Crimson & Clover,Tommy James & The Shondells
121,10cc,I'm Not In Love,10cc
122,Suzi Quatro,Can the Can,Suzi Quatro
123,The Dave Brubeck Quartet,Take Five,The Dave Brubeck Quartet
124,T. Rex,Hot Love - A Side,T. Rex
125,Muddy Waters,Mannish Boy,Muddy Waters
126,Lou Reed,Satellite of Love,Lou Reed
127,Mary Hopkin,Those Were The Days - Remastered,Mary Hopkin
128,Christopher Cross,Ride Like the Wind,Christopher Cross
129,The Jackson 5,I'll Be There,The Jackson 5
130,Billy Vaughn,Sail Along Silv'ry Moon,Billy Vaughn
131,Phil Collins,You Can't Hurry Love - 2016 Remaster,Phil Collins
132,Barclay James Harvest,Life Is For Living,Barclay James Harvest
133,Sly & The Family Stone,If You Want Me to Stay,Sly & The Family Stone
134,The Platters,Only You (And You Alone),The Platters
135,Billy Joel,Vienna,Billy Joel
136,Bob Marley & The Wailers,Is This Love,Bob Marley & The Wailers
137,Wilson Pickett,Land of 1000 Dances,Wilson Pickett
138,Simon & Garfunkel,El Condor Pasa (If I Could),Simon & Garfunkel
139,Creedence Clearwater Revival,Hey Tonight,Creedence Clearwater Revival
140,Nat King Cole,Smile - Mono / 1954 Version / Remastered 1992,Nat King Cole
141,Prefab Sprout,The King of Rock 'N' Roll,Prefab Sprout
142,Green Day,Boulevard of Broken Dreams,Green Day
143,Beyoncé,Baby Boy (feat. Sean Paul),Beyoncé; Sean Paul
144,Savage Garden,Truly Madly Deeply,Savage Garden
145,Yello,The Race,Yello
146,Bryan Ferry,Slave To Love,Bryan Ferry
147,Babylon Zoo,Spaceman,Babylon Zoo
148,Rage Against The Machine,Bombtrack,Rage Against The Machine
149,P!nk,Get the Party Started,P!nk
150,USHER,My Boo,USHER; Alicia Keys
151,Madonna,Ray of Light,Madonna
152,INXS,Need You Tonight,INXS
153,R.E.M.,Shiny Happy People,R.E.M.
154,Neil Young,Rockin' in the Free World,Neil Young
155,Billy Idol,Cradle Of Love,Billy Idol
156,Fine Young Cannibals,Good Thing,Fine Young Cannibals
157,Sandra,Everlasting Love,Sandra
158,Foo Fighters,My Hero,Foo Fighters
159,Christina Aguilera,Fighter,Christina Aguilera
160,Pet Shop Boys,What Have I Done to Deserve This? (with Dusty Springfield) - 2018 Remaster,Pet Shop Boys; Dusty Springfield
161,The Killers,Somebody Told Me,The Killers
162,Backstreet Boys,We've Got It Goin' On - Radio Edit,Backstreet Boys
163,Backstreet Boys,Shape of My Heart,Backstreet Boys
164,Vangelis,Conquest of Paradise,Vangelis
165,Robbie Williams,Supreme,Robbie Williams
166,Semisonic,Closing Time,Semisonic
167,Savage Garden,I Knew I Loved You,Savage Garden
168,Die Ärzte,Männer sind Schweine,Die Ärzte
169,Radiohead,No Surprises,Radiohead
170,Fleetwood Mac,Little Lies,Fleetwood Mac
171,Billy Joel,The River of Dreams,Billy Joel
172,Nirvana,In Bloom,Nirvana
173,Enigma,Return To Innocence,Enigma
174,DB Boulevard,Point of View - Radio Edit,DB Boulevard
175,Depeche Mode,Never Let Me Down Again,Depeche Mode
176,Freddie Mercury,Living On My Own - No More Brothers Radio Mix,Freddie Mercury; Serge Ramaekers; Carl Ward; Colin Peter
177,The Smiths,Bigmouth Strikes Again - 2011 Remaster,The Smiths
178,Guns N' Roses,Don't Cry (Original),Guns N' Roses
179,Michael Bolton,How Am I Supposed to Live Without You,Michael Bolton
180,Lenny Kravitz,Always On The Run,Lenny Kravitz
181,Tina Turner,I Don't Wanna Lose You,Tina Turner
182,SNAP!,Ooops Up,SNAP!
183,Simple Minds,Don't You (Forget About Me),Simple Minds
184,Jennifer Lopez,Waiting for Tonight,Jennifer Lopez
185,Robbie Williams,She's The One,Robbie Williams
186,Whitney Houston,Greatest Love of All,Whitney Houston
187,Genesis,I Can't Dance - 2007 Remaster,Genesis
188,Stardust,Music Sounds Better With You,Stardust; Benjamin Diamond; Alan Braxe; Thomas Bangalter
189,U2,One,U2
190,Jamiroquai,Virtual Insanity - Remastered 2006,Jamiroquai
191,Erasure,Sometimes,Erasure
192,Fatboy Slim,The Rockafeller Skank,Fatboy Slim
193,Norah Jones,Don't Know Why,Norah Jones
194,Inner Circle,Games People Play,Inner Circle
195,Janet Jackson,That's The Way Love Goes,Janet Jackson
196,Adamski,Killer,Adamski; Seal
197,2Pac,All Eyez On Me (ft. Big Syke),2Pac; Big Syke
198,Moby,Why Does My Heart Feel So Bad?,Moby
199,Michael Jackson,Man in the Mirror - 2012 Remaster,Michael Jackson
200,UB40,(I Can't Help) Falling In Love With You,UB40
201,Atomic Kitten,The Tide Is High - Radio Mix,Atomic Kitten
202,INXS,Disappear,INXS
203,Crash Test Dummies,Mmm Mmm Mmm Mmm,Crash Test Dummies
204,Pet Shop Boys,Domino Dancing,Pet Shop Boys
205,Sting,Fields Of Gold,Sting
206,Red Hot Chili Peppers,Can't Stop,Red Hot Chili Peppers
207,Paul McCartney,Hope Of Deliverance,Paul McCartney
208,HIM,Join Me In Death - Strongroom Mix,HIM
209,Lenny Kravitz,I Belong To You,Lenny Kravitz
210,Sophie B. Hawkins,Damn I Wish I Was Your Lover,Sophie B. Hawkins
211,Aerosmith,Janie's Got A Gun,Aerosmith
212,Oasis,Live Forever - Remastered,Oasis
213,Natasha Bedingfield,These Words,Natasha Bedingfield
214,Sade,By Your Side,Sade
215,Uncle Kracker,Follow Me,Uncle Kracker
216,Avril Lavigne,I'm with You,Avril Lavigne
217,Whitney Houston,I'm Your Baby Tonight,Whitney Houston
218,Franz Ferdinand,Take Me Out,Franz Ferdinand
219,Bon Jovi,Bed Of Roses,Bon Jovi
220,Tom Petty,Wildflowers,Tom Petty
221,Mr. Big,To Be With You,Mr. Big
222,Simply Red,Something Got Me Started - 2008 Remaster,Simply Red
223,Britney Spears,Me Against the Music (feat. Madonna) - LP Version / Video Mix,Britney Spears; Madonna
224,The Strokes,Someday,The Strokes
225,Destiny's Child,Survivor,Destiny's Child
226,Roxette,Listen To Your Heart,Roxette
227,Dr. Dre,Forgot About Dre,Dr. Dre; Eminem
228,The Connells,'74-'75,The Connells
229,The Primitives,Crash,The Primitives
230,Annie Lennox,Walking on Broken Glass,Annie Lennox
231,Eve,Who's That Girl?,Eve
232,Paul Simon,Graceland,Paul Simon
233,Britney Spears,Lucky,Britney Spears
234,Mariah Carey,Always Be My Baby,Mariah Carey
235,Madonna,True Blue,Madonna
236,George Michael,"""Fastlove",George Michael
237,Die Ärzte,Unrockbar,Die Ärzte
238,Sarah Brightman,Time To Say Goodbye,Sarah Brightman; Andrea Bocelli
239,The Cranberries,Just My Imagination,The Cranberries
240,Joe Dolce,Shaddap You Face,Joe Dolce
241,Keane,Everybody's Changing,Keane
242,Big Mountain,"""Baby",Big Mountain
243,Simple Minds,Belfast Child - Remastered 2002,Simple Minds
244,Texas,Say What You Want,Texas
245,All Saints,Black Coffee,All Saints; Mark Stent
246,Bruce Springsteen,Streets of Philadelphia - Single Edit,Bruce Springsteen
247,Spice Girls,2 Become 1,Spice Girls
248,Tears For Fears,Sowing The Seeds Of Love,Tears For Fears
249,Alanis Morissette,Head over Feet - 2015 Remaster,Alanis Morissette
250,R.E.M.,It's The End Of The World As We Know It (And I Feel Fine),R.E.M.
251,Everything But The Girl,Missing - Todd Terry Remix,Everything But The Girl; Todd Terry
252,Mýa,Case Of The Ex (Whatcha Gonna Do),Mýa
253,The Cure,Close To Me,The Cure
254,Mariah Carey,Honey (feat. Mase & The Lox) - Bad Boy Remix,Mariah Carey; Mase; The LOX
255,Depeche Mode,Policy of Truth,Depeche Mode
256,Eamon,Fuck It (I Don't Want You Back),Eamon
257,Tim McGraw,It's Your Love,Tim McGraw; Faith Hill
258,Kylie Minogue,In Your Eyes,Kylie Minogue
259,Seal,Crazy - 2022 Remaster,Seal
260,Outkast,The Way You Move (feat. Sleepy Brown),Outkast; Sleepy Brown
261,Destiny's Child,"""Jumpin'",Destiny's Child
262,Kaiser Chiefs,I Predict A Riot,Kaiser Chiefs
263,Mr. Oizo,Flat Beat - Radio Edit,Mr. Oizo
264,Santana,The Game of Love (feat. Michelle Branch) - Main / Radio Mix,Santana; Michelle Branch
265,Huey Lewis & The News,Stuck With You,Huey Lewis & The News
266,Michael Andrews,Mad World,Michael Andrews; Gary Jules
267,Lionel Richie,"""Say You",Lionel Richie
268,Garbage,Only Happy When It Rains - 2015 Remaster,Garbage
269,Lutricia McNeal,Ain't That Just the Way,Lutricia McNeal
270,Mark 'Oh,Tears Don't Lie (Original Short Mix),Mark 'Oh
271,Prince,Raspberry Beret,Prince
272,The Prodigy,No Good (Start the Dance),The Prodigy
273,Crazy Town,Butterfly,Crazy Town
274,Samantha Fox,Touch Me (I Want Your Body),Samantha Fox
275,Alicia Keys,If I Ain't Got You,Alicia Keys
276,DJ BoBo,Somebody Dance with Me,DJ BoBo
277,Coldplay,Clocks,Coldplay
278,Captain Hollywood Project,More And More - Single Version,Captain Hollywood Project
279,Randy Newman,You've Got a Friend in Me,Randy Newman
280,Van Halen,Why Can't This Be Love,Van Halen
281,Florence + The Machine,Spectrum (Say My Name) - Calvin Harris Remix,Florence + The Machine; Calvin Harris
282,Beyoncé,Beautiful Liar,Beyoncé; Shakira
283,Rosa Linn,SNAP,Rosa Linn
284,Alok,Hear Me Now,Alok; Zeeba; Bruno Martini
285,John Mayer,New Light,John Mayer
286,The Rolling Stones,Living In A Ghost Town,The Rolling Stones
287,Robin Schulz,OK,Robin Schulz; James Blunt
288,Miksu / Macloud,Sehnsucht,Miksu / Macloud; t-low
289,Milky Chance,Stolen Dance - Single Version,Milky Chance
290,Disclosure,Latch,Disclosure; Sam Smith
291,Plan B,Es un Secreto,Plan B
292,MGMT,Time to Pretend,MGMT
293,Zara Larsson,Ruin My Life,Zara Larsson
294,Aura Dione,Geronimo - Jost & Damien Radio Mix,Aura Dione; Jost & Damien
295,Olivia Rodrigo,"""jealousy",Olivia Rodrigo
296,Ich + Ich,Du erinnerst mich an Liebe,Ich + Ich; Adel Tawil
297,OneRepublic,I Lived,OneRepublic
298,Kings of Leon,Use Somebody,Kings of Leon
299,Dua Lipa,IDGAF,Dua Lipa
300,Dirty Heads,Vacation,Dirty Heads; Train
301,The Kid LAROI,STAY (with Justin Bieber),The Kid LAROI; Justin Bieber
302,Tate McRae,Sports car,Tate McRae
303,Olivia Rodrigo,bad idea right?,Olivia Rodrigo
304,The Weeknd,I Feel It Coming,The Weeknd; Daft Punk
305,Sportfreunde Stiller,"""Applaus",Sportfreunde Stiller
306,Mattafix,Big City Life,Mattafix
307,Lola Young,Messy,Lola Young
308,Bad Bunny,BAILE INoLVIDABLE,Bad Bunny
309,24kGoldn,Mood (feat. iann dior),24kGoldn; iann dior
310,Danny Ocean,Me Rehúso,Danny Ocean
311,French Montana,Unforgettable,French Montana; Swae Lee
312,Sabrina Carpenter,Nonsense,Sabrina Carpenter
313,The Chainsmokers,Roses,The Chainsmokers; ROZES
314,Katy Perry,The One That Got Away,Katy Perry
315,Beyoncé,CUFF IT,Beyoncé
316,MEDUZA,Piece Of Your Heart,MEDUZA; Goodboys
317,Sam Smith,Dancing With A Stranger (with Normani),Sam Smith; Normani
318,DJ Snake,You Know You Like It,DJ Snake; AlunaGeorge
319,Zedd,Stay,Zedd; Alessia Cara
320,Shakira,She Wolf,Shakira
321,Maroon 5,One More Night,Maroon 5
322,Shirin David,Ich darf das,Shirin David
323,SAINt JHN,Roses - Imanbek Remix,SAINt JHN; Imanbek
324,Tiësto,The Business,Tiësto
325,Tate McRae,exes,Tate McRae
326,Lost Frequencies,Where Are You Now,Lost Frequencies; Calum Scott
327,Avril Lavigne,Girlfriend,Avril Lavigne
328,The Chainsmokers,Don't Let Me Down,The Chainsmokers; Daya
329,Bruno Mars,When I Was Your Man,Bruno Mars
330,Samra,Wieder Lila,Samra; Capital Bra
331,Shakira,Chantaje (feat. Maluma),Shakira; Maluma
332,Imagine Dragons,Radioactive,Imagine Dragons
333,Dua Lipa,Training Season,Dua Lipa
334,JENNIE,Mantra,JENNIE
335,Post Malone,Better Now,Post Malone
336,Keri Hilson,I Like - Jost & Grubert Radio Mix,Keri Hilson
337,Sabrina Carpenter,Bed Chem,Sabrina Carpenter
338,sombr,undressed,sombr
339,Polarkreis 18,Allein Allein,Polarkreis 18
340,Meghan Trainor,Like I'm Gonna Lose You (feat. John Legend),Meghan Trainor; John Legend
341,Empire Of The Sun,We Are The People,Empire Of The Sun
342,MIKA,Grace Kelly,MIKA
343,Jason Derulo,Swalla (feat. Nicki Minaj & Ty Dolla $ign),Jason Derulo; Nicki Minaj; Ty Dolla $ign
344,KAROL G,TQG,KAROL G; Shakira
345,Bad Bunny,Me Porto Bonito,Bad Bunny; Chencho Corleone
346,Monrose,Shame (Radio Edit),Monrose
347,Nicki Minaj,Super Bass,Nicki Minaj
348,Miley Cyrus,End of the World,Miley Cyrus
349,ROSALÍA,BESO,ROSALÍA; Rauw Alejandro
350,Alvaro Soler,La Cintura,Alvaro Soler
351,P!nk,Dear Mr. President (feat. Indigo Girls),P!nk; Indigo Girls
352,Bruno Mars,Marry You,Bruno Mars
353,Olly Murs,Heart Skips a Beat (feat. Rizzle Kicks),Olly Murs; Rizzle Kicks
354,Jay Sean,Do You Remember,Jay Sean; Sean Paul; Lil Jon
355,Surf Mesa,ily (i love you baby) (feat. Emilee),Surf Mesa; Emilee
356,The Avener,Fade Out Lines - The Avener Rework,The Avener; Phoebe Killdeer
357,Ed Sheeran,Galway Girl,Ed Sheeran
358,Coldplay,Speed of Sound,Coldplay
359,Ozuna,Hey Mor,Ozuna; Feid
360,Justin Timberlake,Mirrors - Radio Edit,Justin Timberlake
361,Shouse,Love Tonight (Edit),Shouse
362,Miley Cyrus,Prisoner (feat. Dua Lipa),Miley Cyrus; Dua Lipa
363,Kelly Clarkson,Heartbeat Song,Kelly Clarkson
364,Nico & Vinz,Am I Wrong,Nico & Vinz
365,Benson Boone,Sorry I'm Here For Someone Else,Benson Boone
366,Tokio Hotel,Übers Ende der Welt,Tokio Hotel
367,Jason Mraz,Lucky,Jason Mraz; Colbie Caillat
368,Black Eyed Peas,Meet Me Halfway,Black Eyed Peas
369,Marit Larsen,If A Song Could Get Me You,Marit Larsen
370,Wir sind Helden,Nur ein Wort,Wir sind Helden
371,Avicii,The Nights,Avicii
372,Lady Gaga,Bloody Mary,Lady Gaga
373,Ed Sheeran,Thinking out Loud,Ed Sheeran
374,Teddy Swims,Bad Dreams,Teddy Swims
375,CRO,Bye Bye - MTV Unplugged,CRO
376,Rauw Alejandro,Desesperados,Rauw Alejandro; Chencho Corleone
377,Apache 207,Bläulich,Apache 207
378,Marshmello,FRIENDS,Marshmello; Anne-Marie
379,Capital Cities,Safe and Sound,Capital Cities
380,Martin Garrix,Summer Days (feat. Macklemore & Patrick Stump of Fall Out Boy),Martin Garrix; Macklemore; Fall Out Boy
381,Gorillaz,Feel Good Inc.,Gorillaz; De La Soul
382,Twenty One Pilots,Ride,Twenty One Pilots
383,Kwabs,Walk,Kwabs
384,Lewis Capaldi,Wish You The Best,Lewis Capaldi
385,Hurts,Wonderful Life,Hurts
386,Matt Simons,Catch & Release - Deepend Remix,Matt Simons; Deepend
387,Taylor Swift,Lover,Taylor Swift
388,Justin Timberlake,My Love (feat. T.I.),Justin Timberlake; T.I.
389,Harry Styles,Fine Line,Harry Styles
390,Shawn Mendes,Stitches,Shawn Mendes
391,The Chemical Brothers,Galvanize,The Chemical Brothers; Q-Tip
392,Flo Rida,Wild Ones (feat. Sia),Flo Rida; Sia
393,Maroon 5,Maps,Maroon 5
394,Ville Valo,Summer Wine - Single Edit,Ville Valo; Natalia Avelon
395,KAROL G,LATINA FOREVA,KAROL G
396,Amy Winehouse,Tears Dry On Their Own,Amy Winehouse
397,Take That,The Flood,Take That
398,KITSCHKRIEG,"""Standard (feat. Trettmann",KITSCHKRIEG; GRiNGO; Ufo361; Trettmann; Gzuz
399,Billie Eilish,LUNCH,Billie Eilish
400,Calvin Harris,Blame (feat. John Newman),Calvin Harris; John Newman
401,Muse,Starlight,Muse
402,Rihanna,Stay,Rihanna; Mikky Ekko
403,Myke Towers,LALA,Myke Towers
404,David Guetta,I Don't Wanna Wait,David Guetta; OneRepublic
405,Silbermond,Irgendwas bleibt,Silbermond
406,Adele,Rumour Has It,Adele
407,Major Lazer,Cold Water (feat. Justin Bieber & MØ),Major Lazer; Justin Bieber; MØ
408,John Newman,Love Me Again,John Newman
409,Muse,Undisclosed Desires,Muse
410,AYLIVA,Wunder,AYLIVA; Apache 207
411,Pitbull,Hotel Room Service,Pitbull
412,USHER,DJ Got Us Fallin' In Love (feat. Pitbull),USHER; Pitbull
413,Alex Clare,Too Close,Alex Clare
414,Lorde,Team,Lorde
415,Sugababes,Push The Button,Sugababes
416,Nelly Furtado,Broken Strings,Nelly Furtado; James Morrison
417,Lost Frequencies,Reality,Lost Frequencies; Janieck
418,Farruko,Pepas,Farruko
419,The Kooks,She Moves In Her Own Way,The Kooks
420,Eros Ramazzotti,I Belong to You (feat. Anastacia),Eros Ramazzotti; Anastacia
